"K","Best_LogLik","AIC","BIC","Avg_Segment_Length","Min_State_Coverage"
2,442940.661117969,-885851.322235938,-885753.564338067,5000,100
3,447526.192399381,-895000.384798762,-894830.937775785,5000,100
4,457731.947305796,-915385.894611592,-915131.724077127,5000,100
5,444372.212448233,-888636.424896466,-888284.49646413,5000,100
6,445520.894202119,-890899.788404237,-890437.067687647,5000,100
7,449014.538180217,-897849.076360433,-897262.528973206,5000,100
8,452985.44474206,-905748.889484119,-905025.481039872,5000,100
